0,|(0,0)|,1,-1
1,|(1,2)|,2,-1
2,|(3,3)|,1,-1
3,|(4,75)|,72,-1
4,|(76,147)|,72,-1
5,|(148,246)|,99,-1
6,|(247,345)|,99,-1
7,|(346,444)|,99,-1
8,|(445,543)|,99,-1
9,|(544,544)|,1,-1
10,|(545,546)|,2,-1
11,|(547,552)|,6,-1
12,|(553,554)|,2,-1
13,|(555,555)|,1,-1
14,|(556,627)|,72,-1
15,|(628,699)|,72,-1
16,|(700,798)|,99,-1
17,|(799,897)|,99,-1
18,|(898,996)|,99,-1
19,|(997,1095)|,99,-1
20,|(1096,1096)|,1,-1
21,|(1097,1097)|,1,-1
22,|(1098,1098)|,1,-1
23,|(1099,1100)|,2,-1
24,|(1101,1236)|,136,-1
25,|(1237,1238)|,2,-1
26,|(1239,1240)|,2,-1
27,|(1241,1241)|,1,-1
28,|(1242,1243)|,2,-1
29,|(1244,1244)|,1,-1
30,|(1245,1253)|,9,-1
31,|(1254,1255)|,2,-1
32,|(1256,1391)|,136,-1
33,|(1392,1393)|,2,-1
34,|(1394,1394)|,1,-1
35,|(1395,1396)|,2,-1
36,|(1397,1532)|,136,-1
37,|(1533,1533)|,1,-1
38,|(1534,1534)|,1,-1
39,|(1535,1670)|,136,-1
40,|(1671,1671)|,1,-1
41,|(1672,1672)|,1,-1
42,|(1673,1674)|,2,-1
43,|(1675,1808)|,134,-1
44,|(1809,1810)|,2,-1
45,|(1811,1812)|,2,-1
46,|(1813,1813)|,1,-1
47,|(1814,1817)|,4,-1
48,|(1818,1822)|,5,-1
49,|(1823,1824)|,2,-1
50,|(1825,1954)|,130,-1
51,|(1955,1956)|,2,-1
52,|(1957,1958)|,2,-1
53,|(1959,2082)|,124,-1
54,|(2083,2083)|,1,-1
55,|(2084,2084)|,1,-1
56,|(2085,2220)|,136,-1
57,|(2221,2221)|,1,-1
58,|(2222,2357)|,136,-1
59,|(2358,2358)|,1,-1
60,|(2359,2494)|,136,-1
61,|(2495,2495)|,1,-1
62,|(2496,2631)|,136,-1
63,|(2632,2632)|,1,-1
64,|(2633,2768)|,136,-1
65,|(2769,2769)|,1,-1
66,|(2770,2916)|,147,-1
67,|(2917,2917)|,1,-1
68,|(2918,2918)|,1,-1
69,|(2919,2919)|,1,-1
70,|(2920,2920)|,1,-1
71,|(2921,3088)|,168,-1
72,|(3089,3089)|,1,-1
73,|(3090,3256)|,167,-1
74,|(3257,3257)|,1,-1
75,|(3258,3258)|,1,-1
76,|(3259,3259)|,1,-1
77,|(3260,3260)|,1,-1
78,|(3261,3428)|,168,-1
79,|(3429,3432)|,4,-1
80,|(3433,3433)|,1,-1
81,|(3434,3599)|,166,-1
82,|(3600,3639)|,40,-1
83,|(3640,3640)|,1,-1
84,|(3641,3641)|,1,-1
85,|(3642,3642)|,1,-1
86,|(3643,3795)|,153,-1
87,|(3796,3796)|,1,-1
88,|(3797,3797)|,1,-1
89,|(3798,3798)|,1,-1
90,|(3799,3799)|,1,-1
91,|(3800,3800)|,1,-1
92,|(3801,3968)|,168,-1
93,|(3969,3969)|,1,-1
94,|(3970,3970)|,1,-1
95,|(3971,4138)|,168,-1
96,|(4139,4139)|,1,-1
97,|(4140,4140)|,1,-1
98,|(4141,4141)|,1,-1
99,|(4142,4142)|,1,-1
100,|(4143,4143)|,1,-1
101,|(4144,4144)|,1,-1
102,|(4145,4148)|,4,-1
103,|(4149,4153)|,5,-1
104,|(4154,4154)|,1,-1
105,|(4155,4155)|,1,-1
106,|(4156,4371)|,216,-1
107,|(4372,4372)|,1,-1
108,|(4373,4373)|,1,-1
109,|(4374,4374)|,1,-1
110,|(4375,4375)|,1,-1
111,|(4376,4463)|,88,-1
112,|(4464,4466)|,3,-1
113,|(4467,4467)|,1,-1
114,|(4468,4468)|,1,-1
115,|(4469,4469)|,1,-1
116,|(4470,4470)|,1,-1
117,|(4471,4577)|,107,-1
118,|(4578,4656)|,79,-1
119,|(4657,4657)|,1,-1
120,|(4658,4658)|,1,-1
121,|(4659,4826)|,168,-1
122,|(4827,4827)|,1,-1
123,|(4828,4828)|,1,-1
124,|(4829,4829)|,1,-1
125,|(4830,4830)|,1,-1
126,|(4831,4831)|,1,-1
127,|(4832,4833)|,2,-1
128,|(4834,4834)|,1,-1
129,|(4835,4835)|,1,-1
130,|(4836,4841)|,6,-1
131,|(4842,4842)|,1,-1
132,|(4843,4844)|,2,-1
133,|(4845,4846)|,2,-1
134,|(4847,4847)|,1,-1
135,|(4848,4983)|,136,-1
136,|(4984,4985)|,2,-1
137,|(4986,5121)|,136,-1
138,|(5122,5122)|,1,-1
139,|(5123,5258)|,136,-1
140,|(5259,5259)|,1,-1
141,|(5260,5395)|,136,-1
142,|(5396,5396)|,1,-1
143,|(5397,5532)|,136,-1
144,|(5533,5533)|,1,-1
145,|(5534,5669)|,136,-1
146,|(5670,5671)|,2,-1
147,|(5672,5807)|,136,-1
148,|(5808,5808)|,1,-1
149,|(5809,5944)|,136,-1
150,|(5945,5945)|,1,-1
151,|(5946,6081)|,136,-1
152,|(6082,6082)|,1,-1
153,|(6083,6218)|,136,-1
154,|(6219,6219)|,1,-1
155,|(6220,6355)|,136,-1
156,|(6356,6356)|,1,-1
157,|(6357,6492)|,136,-1
158,|(6493,6493)|,1,-1
159,|(6494,6594)|,101,-1
160,|(6595,6595)|,1,-1
161,|(6596,6596)|,1,-1
162,|(6597,6602)|,6,-1
163,|(6603,6603)|,1,-1
164,|(6604,6662)|,59,-1
165,|(6663,6664)|,2,-1
166,|(6665,6666)|,2,-1
167,|(6667,6667)|,1,-1
168,|(6668,6803)|,136,-1
169,|(6804,6805)|,2,-1
170,|(6806,6941)|,136,-1
171,|(6942,6942)|,1,-1
172,|(6943,7078)|,136,-1
173,|(7079,7079)|,1,-1
174,|(7080,7215)|,136,-1
175,|(7216,7216)|,1,-1
176,|(7217,7352)|,136,-1
177,|(7353,7353)|,1,-1
178,|(7354,7488)|,135,-1
179,|(7489,7490)|,2,-1
180,|(7491,7626)|,136,-1
181,|(7627,7627)|,1,-1
182,|(7628,7763)|,136,-1
183,|(7764,7764)|,1,-1
184,|(7765,7900)|,136,-1
185,|(7901,7901)|,1,-1
186,|(7902,8037)|,136,-1
187,|(8038,8038)|,1,-1
188,|(8039,8174)|,136,-1
189,|(8175,8175)|,1,-1
190,|(8176,8310)|,135,-1
191,|(8311,8311)|,1,-1
192,|(8312,8406)|,95,-1
193,|(8407,8408)|,2,-1
194,|(8409,8409)|,1,-1
195,|(8410,8412)|,3,-1
196,|(8413,8417)|,5,-1
197,|(8418,8420)|,3,-1
198,|(8421,8421)|,1,-1
199,|(8422,8423)|,2,-1
200,|(8424,8424)|,1,-1
201,|(8425,8429)|,5,-1
202,|(8430,8434)|,5,-1
203,|(8435,8437)|,3,-1
204,|(8438,8438)|,1,-1
205,|(8439,8440)|,2,-1
206,|(8441,8576)|,136,-1
207,|(8577,8578)|,2,-1
208,|(8579,8579)|,1,-1
209,|(8580,8581)|,2,-1
210,|(8582,8717)|,136,-1
211,|(8718,8719)|,2,-1
212,|(8720,8855)|,136,-1
213,|(8856,8856)|,1,-1
214,|(8857,8857)|,1,-1
215,|(8858,8993)|,136,-1
216,|(8994,8995)|,2,-1
217,|(8996,8996)|,1,-1
218,|(8997,8997)|,1,-1
219,|(8998,8998)|,1,-1
220,|(8999,8999)|,1,-1
221,|(9000,9000)|,1,-1
222,|(9001,9001)|,1,-1
223,|(9002,9137)|,136,-1
224,|(9138,9138)|,1,-1
225,|(9139,9139)|,1,-1
226,|(9140,9275)|,136,-1
227,|(9276,9276)|,1,-1
228,|(9277,9281)|,5,-1
229,|(9282,9285)|,4,-1
230,|(9286,9286)|,1,-1
231,|(9287,9288)|,2,-1
232,|(9289,9299)|,11,-1
233,|(9300,9301)|,2,-1
234,|(9302,9303)|,2,-1
235,|(9304,9305)|,2,-1
236,|(9306,9312)|,7,-1
237,|(9313,9313)|,1,-1
238,|(9314,9315)|,2,-1
239,|(9316,9451)|,136,-1
240,|(9452,9453)|,2,-1
241,|(9454,9455)|,2,-1
242,|(9456,9591)|,136,-1
243,|(9592,9592)|,1,-1
244,|(9593,9593)|,1,-1
245,|(9594,9729)|,136,-1
246,|(9730,9730)|,1,-1
247,|(9731,9731)|,1,-1
248,|(9732,9733)|,2,-1
249,|(9734,9735)|,2,-1
250,|(9736,9736)|,1,-1
251,|(9737,9738)|,2,-1
252,|(9739,9739)|,1,-1
253,|(9740,9740)|,1,-1
254,|(9741,9741)|,1,-1
255,|(9742,9877)|,136,-1
256,|(9878,9879)|,2,-1
257,|(9880,9881)|,2,-1
258,|(9882,9882)|,1,-1
259,|(9883,10018)|,136,-1
260,|(10019,10019)|,1,-1
261,|(10020,10020)|,1,-1
262,|(10021,10021)|,1,-1
263,|(10022,10157)|,136,-1
264,|(10158,10158)|,1,-1
265,|(10159,10294)|,136,-1
266,|(10295,10295)|,1,-1
267,|(10296,10296)|,1,-1
268,|(10297,10432)|,136,-1
269,|(10433,10433)|,1,-1
270,|(10434,10434)|,1,-1
271,|(10435,10570)|,136,-1
272,|(10571,10571)|,1,-1
273,|(10572,10574)|,3,-1
274,|(10575,10707)|,133,-1
275,|(10708,10708)|,1,-1
276,|(10709,10709)|,1,-1
277,|(10710,10845)|,136,-1
278,|(10846,10846)|,1,-1
279,|(10847,10982)|,136,-1
280,|(10983,10983)|,1,-1
281,|(10984,11008)|,25,-1
282,|(11009,11070)|,62,-1
283,|(11071,11072)|,2,-1
284,|(11073,11073)|,1,-1
285,|(11074,11209)|,136,-1
286,|(11210,11210)|,1,-1
287,|(11211,11211)|,1,-1
288,|(11212,11347)|,136,-1
289,|(11348,11348)|,1,-1
290,|(11349,11355)|,7,-1
291,|(11356,11356)|,1,-1
292,|(11357,11360)|,4,-1
293,|(11361,11361)|,1,-1
294,|(11362,11497)|,136,-1
295,|(11498,11498)|,1,-1
296,|(11499,11513)|,15,-1
297,|(11514,11514)|,1,-1
298,|(11515,11650)|,136,-1
299,|(11651,11651)|,1,-1
300,|(11652,11654)|,3,-1
301,|(11655,11787)|,133,-1
302,|(11788,11788)|,1,-1
303,|(11789,11798)|,10,-1
304,|(11799,11799)|,1,-1
305,|(11800,11800)|,1,-1
306,|(11801,11801)|,1,-1
307,|(11802,11937)|,136,-1
308,|(11938,11938)|,1,-1
309,|(11939,11948)|,10,-1
310,|(11949,11949)|,1,-1
311,|(11950,12085)|,136,-1
312,|(12086,12086)|,1,-1
313,|(12087,12111)|,25,-1
314,|(12112,12173)|,62,-1
315,|(12174,12175)|,2,-1
316,|(12176,12180)|,5,-1
317,|(12181,12181)|,1,-1
318,|(12182,12182)|,1,-1
319,|(12183,12318)|,136,-1
320,|(12319,12319)|,1,-1
321,|(12320,12320)|,1,-1
322,|(12321,12456)|,136,-1
323,|(12457,12457)|,1,-1
324,|(12458,12593)|,136,-1
325,|(12594,12594)|,1,-1
326,|(12595,12730)|,136,-1
327,|(12731,12731)|,1,-1
328,|(12732,12732)|,1,-1
329,|(12733,12779)|,47,-1
330,|(12780,12780)|,1,-1
331,|(12781,12916)|,136,-1
332,|(12917,12917)|,1,-1
333,|(12918,12918)|,1,-1
334,|(12919,13054)|,136,-1
335,|(13055,13056)|,2,-1
336,|(13057,13071)|,15,-1
337,|(13072,13080)|,9,-1
338,|(13081,13100)|,20,-1
339,|(13101,13101)|,1,-1
340,|(13102,13109)|,8,-1
341,|(13110,13112)|,3,-1
342,|(13113,13118)|,6,-1
343,|(13119,13119)|,1,-1
344,|(13120,13255)|,136,-1
345,|(13256,13256)|,1,-1
346,|(13257,13392)|,136,-1
347,|(13393,13393)|,1,-1
348,|(13394,13397)|,4,-1
349,|(13398,13398)|,1,-1
350,|(13399,13445)|,47,-1
351,|(13446,13446)|,1,-1
352,|(13447,13582)|,136,-1
353,|(13583,13583)|,1,-1
354,|(13584,13585)|,2,-1
355,|(13586,13721)|,136,-1
356,|(13722,13722)|,1,-1
357,|(13723,13723)|,1,-1
358,|(13724,13859)|,136,-1
359,|(13860,13860)|,1,-1
360,|(13861,13996)|,136,-1
361,|(13997,13997)|,1,-1
362,|(13998,14133)|,136,-1
363,|(14134,14134)|,1,-1
364,|(14135,14270)|,136,-1
365,|(14271,14271)|,1,-1
366,|(14272,14273)|,2,-1
367,|(14274,14409)|,136,-1
368,|(14410,14410)|,1,-1
369,|(14411,14546)|,136,-1
370,|(14547,14548)|,2,-1
371,|(14549,14549)|,1,-1
372,|(14550,14550)|,1,-1
373,|(14551,14551)|,1,-1
374,|(14552,14552)|,1,-1
375,|(14553,14553)|,1,-1
376,|(14554,14554)|,1,-1
377,|(14555,14555)|,1,-1
378,|(14556,14556)|,1,-1
379,|(14557,14557)|,1,-1
380,|(14558,14633)|,76,-1
381,|(14634,14694)|,61,-1
382,|(14695,14695)|,1,-1
383,|(14696,14696)|,1,-1
384,|(14697,14697)|,1,-1
385,|(14698,14698)|,1,-1
386,|(14699,14699)|,1,-1
387,|(14700,14835)|,136,-1
388,|(14836,14837)|,2,-1
389,|(14838,14838)|,1,-1
390,|(14839,14839)|,1,-1
391,|(14840,14975)|,136,-1
392,|(14976,15111)|,136,-1
393,|(15112,15112)|,1,-1
394,|(15113,15114)|,2,-1
395,|(15115,15250)|,136,-1
396,|(15251,15251)|,1,-1
397,|(15252,15252)|,1,-1
398,|(15253,15388)|,136,-1
399,|(15389,15389)|,1,-1
400,|(15390,15525)|,136,-1
401,|(15526,15528)|,3,-1
402,|(15529,15529)|,1,-1
403,|(15530,15530)|,1,-1
404,|(15531,15531)|,1,-1
405,|(15532,15667)|,136,-1
406,|(15668,15668)|,1,-1
407,|(15669,15804)|,136,-1
408,|(15805,15805)|,1,-1
409,|(15806,15806)|,1,-1
410,|(15807,15808)|,2,-1
411,|(15809,15944)|,136,-1
412,|(15945,15945)|,1,-1
413,|(15946,16081)|,136,-1
414,|(16082,16083)|,2,-1
415,|(16084,16084)|,1,-1
416,|(16085,16085)|,1,-1
417,|(16086,16086)|,1,-1
418,|(16087,16088)|,2,-1
419,|(16089,16164)|,76,-1
420,|(16165,16225)|,61,-1
421,|(16226,16226)|,1,-1
422,|(16227,16227)|,1,-1
423,|(16228,16228)|,1,-1
424,|(16229,16364)|,136,-1
425,|(16365,16365)|,1,-1
426,|(16366,16366)|,1,-1
427,|(16367,16367)|,1,-1
428,|(16368,16503)|,136,-1
429,|(16504,16639)|,136,-1
430,|(16640,16640)|,1,-1
431,|(16641,16695)|,55,-1
432,|(16696,16698)|,3,-1
433,|(16699,16834)|,136,-1
434,|(16835,16835)|,1,-1
435,|(16836,16870)|,35,-1
436,|(16871,16882)|,12,-1
437,|(16883,16883)|,1,-1
438,|(16884,16900)|,17,-1
439,|(16901,16902)|,2,-1
440,|(16903,16917)|,15,-1
441,|(16918,16971)|,54,-1
442,|(16972,16972)|,1,-1
443,|(16973,16993)|,21,-1
444,|(16994,16997)|,4,-1
445,|(16998,17037)|,40,-1
446,|(17038,17110)|,73,-1
447,|(17111,17112)|,2,-1
448,|(17113,17113)|,1,-1
449,|(17114,17150)|,37,-1
450,|(17151,17151)|,1,-1
451,|(17152,17157)|,6,-1
452,|(17158,17158)|,1,-1
453,|(17159,17294)|,136,-1
454,|(17295,17295)|,1,-1
455,|(17296,17296)|,1,-1
456,|(17297,17432)|,136,-1
457,|(17433,17433)|,1,-1
458,|(17434,17569)|,136,-1
459,|(17570,17570)|,1,-1
460,|(17571,17572)|,2,-1
461,|(17573,17574)|,2,-1
462,|(17575,17575)|,1,-1
463,|(17576,17603)|,28,-1
464,|(17604,17624)|,21,-1
465,|(17625,17627)|,3,-1
466,|(17628,17659)|,32,-1
467,|(17660,17660)|,1,-1
468,|(17661,17717)|,57,-1
469,|(17718,17718)|,1,-1
470,|(17719,17854)|,136,-1
471,|(17855,17855)|,1,-1
472,|(17856,17910)|,55,-1
473,|(17911,17913)|,3,-1
474,|(17914,18049)|,136,-1
475,|(18050,18050)|,1,-1
476,|(18051,18085)|,35,-1
477,|(18086,18097)|,12,-1
478,|(18098,18098)|,1,-1
479,|(18099,18115)|,17,-1
480,|(18116,18117)|,2,-1
481,|(18118,18132)|,15,-1
482,|(18133,18186)|,54,-1
483,|(18187,18187)|,1,-1
484,|(18188,18208)|,21,-1
485,|(18209,18212)|,4,-1
486,|(18213,18252)|,40,-1
487,|(18253,18325)|,73,-1
488,|(18326,18326)|,1,-1
489,|(18327,18327)|,1,-1
490,|(18328,18328)|,1,-1
491,|(18329,18361)|,33,-1
492,|(18362,18362)|,1,-1
493,|(18363,18368)|,6,-1
494,|(18369,18369)|,1,-1
495,|(18370,18505)|,136,-1
496,|(18506,18506)|,1,-1
497,|(18507,18642)|,136,-1
498,|(18643,18644)|,2,-1
499,|(18645,18646)|,2,-1
500,|(18647,18647)|,1,-1
501,|(18648,18783)|,136,-1
502,|(18784,18784)|,1,-1
503,|(18785,18786)|,2,-1
504,|(18787,18788)|,2,-1
505,|(18789,18789)|,1,-1
506,|(18790,18817)|,28,-1
507,|(18818,18838)|,21,-1
508,|(18839,18841)|,3,-1
509,|(18842,18873)|,32,-1
510,|(18874,18874)|,1,-1
511,|(18875,18931)|,57,-1
512,|(18932,18932)|,1,-1
513,|(18933,19068)|,136,-1
514,|(19069,19069)|,1,-1
515,|(19070,19124)|,55,-1
516,|(19125,19127)|,3,-1
517,|(19128,19263)|,136,-1
518,|(19264,19264)|,1,-1
519,|(19265,19299)|,35,-1
520,|(19300,19311)|,12,-1
521,|(19312,19312)|,1,-1
522,|(19313,19329)|,17,-1
523,|(19330,19331)|,2,-1
524,|(19332,19346)|,15,-1
525,|(19347,19400)|,54,-1
526,|(19401,19401)|,1,-1
527,|(19402,19422)|,21,-1
528,|(19423,19426)|,4,-1
529,|(19427,19466)|,40,-1
530,|(19467,19539)|,73,-1
531,|(19540,19540)|,1,-1
532,|(19541,19541)|,1,-1
533,|(19542,19542)|,1,-1
534,|(19543,19575)|,33,-1
535,|(19576,19576)|,1,-1
536,|(19577,19582)|,6,-1
537,|(19583,19583)|,1,-1
538,|(19584,19719)|,136,-1
539,|(19720,19720)|,1,-1
540,|(19721,19856)|,136,-1
541,|(19857,19858)|,2,-1
542,|(19859,19860)|,2,-1
543,|(19861,19861)|,1,-1
544,|(19862,19997)|,136,-1
545,|(19998,19999)|,2,-1
546,|(20000,20000)|,1,-1
547,|(20001,20136)|,136,-1
548,|(20137,20272)|,136,-1
549,|(20273,20274)|,2,-1
550,|(20275,20275)|,1,-1
551,|(20276,20311)|,36,-1
552,|(20312,20356)|,45,-1
553,|(20357,20412)|,56,-1
554,|(20413,20413)|,1,-1
555,|(20414,20464)|,51,-1
556,|(20465,20549)|,85,-1
557,|(20550,20550)|,1,-1
558,|(20551,20552)|,2,-1
559,|(20553,20688)|,136,-1
560,|(20689,20689)|,1,-1
561,|(20690,20736)|,47,-1
562,|(20737,20737)|,1,-1
563,|(20738,20873)|,136,-1
564,|(20874,20874)|,1,-1
565,|(20875,20972)|,98,-1
566,|(20973,20973)|,1,-1
567,|(20974,21028)|,55,-1
568,|(21029,21031)|,3,-1
569,|(21032,21167)|,136,-1
570,|(21168,21168)|,1,-1
571,|(21169,21203)|,35,-1
572,|(21204,21215)|,12,-1
573,|(21216,21216)|,1,-1
574,|(21217,21233)|,17,-1
575,|(21234,21235)|,2,-1
576,|(21236,21250)|,15,-1
577,|(21251,21304)|,54,-1
578,|(21305,21305)|,1,-1
579,|(21306,21326)|,21,-1
580,|(21327,21330)|,4,-1
581,|(21331,21370)|,40,-1
582,|(21371,21443)|,73,-1
583,|(21444,21445)|,2,-1
584,|(21446,21446)|,1,-1
585,|(21447,21483)|,37,-1
586,|(21484,21484)|,1,-1
587,|(21485,21490)|,6,-1
588,|(21491,21491)|,1,-1
589,|(21492,21627)|,136,-1
590,|(21628,21628)|,1,-1
591,|(21629,21629)|,1,-1
592,|(21630,21765)|,136,-1
593,|(21766,21766)|,1,-1
594,|(21767,21902)|,136,-1
595,|(21903,21903)|,1,-1
596,|(21904,22039)|,136,-1
597,|(22040,22175)|,136,-1
598,|(22176,22177)|,2,-1
599,|(22178,22178)|,1,-1
600,|(22179,22207)|,29,-1
601,|(22208,22214)|,7,-1
602,|(22215,22259)|,45,-1
603,|(22260,22315)|,56,-1
604,|(22316,22316)|,1,-1
605,|(22317,22367)|,51,-1
606,|(22368,22452)|,85,-1
607,|(22453,22588)|,136,-1
608,|(22589,22589)|,1,-1
609,|(22590,22636)|,47,-1
610,|(22637,22637)|,1,-1
611,|(22638,22773)|,136,-1
612,|(22774,22775)|,2,-1
613,|(22776,22776)|,1,-1
614,|(22777,22777)|,1,-1
615,|(22778,22913)|,136,-1
616,|(22914,22914)|,1,-1
617,|(22915,22917)|,3,-1
618,|(22918,22919)|,2,-1
619,|(22920,22920)|,1,-1
620,|(22921,23036)|,116,-1
621,|(23037,23080)|,44,-1
622,|(23081,23173)|,93,-1
623,|(23174,23175)|,2,-1
624,|(23176,23205)|,30,-1
625,|(23206,23210)|,5,-1
626,|(23211,23221)|,11,-1
627,|(23222,23225)|,4,-1
628,|(23226,23313)|,88,-1
629,|(23314,23314)|,1,-1
630,|(23315,23450)|,136,-1
631,|(23451,23451)|,1,-1
632,|(23452,23453)|,2,-1
633,|(23454,23509)|,56,-1
634,|(23510,23522)|,13,-1
635,|(23523,23524)|,2,-1
636,|(23525,23528)|,4,-1
637,|(23529,23590)|,62,-1
638,|(23591,23591)|,1,-1
639,|(23592,23727)|,136,-1
640,|(23728,23728)|,1,-1
641,|(23729,23844)|,116,-1
642,|(23845,23888)|,44,-1
643,|(23889,23981)|,93,-1
644,|(23982,23983)|,2,-1
645,|(23984,24013)|,30,-1
646,|(24014,24018)|,5,-1
647,|(24019,24029)|,11,-1
648,|(24030,24033)|,4,-1
649,|(24034,24121)|,88,-1
650,|(24122,24122)|,1,-1
651,|(24123,24258)|,136,-1
652,|(24259,24259)|,1,-1
653,|(24260,24262)|,3,-1
654,|(24263,24318)|,56,-1
655,|(24319,24331)|,13,-1
656,|(24332,24333)|,2,-1
657,|(24334,24337)|,4,-1
658,|(24338,24399)|,62,-1
659,|(24400,24400)|,1,-1
660,|(24401,24536)|,136,-1
661,|(24537,24537)|,1,-1
662,|(24538,24673)|,136,-1
663,|(24674,24674)|,1,-1
664,|(24675,24675)|,1,-1
665,|(24676,24676)|,1,-1
666,|(24677,24677)|,1,-1
667,|(24678,24678)|,1,-1
668,|(24679,24680)|,2,-1
669,|(24681,24681)|,1,-1
670,|(24682,24682)|,1,-1
671,|(24683,24818)|,136,-1
672,|(24819,24954)|,136,-1
673,|(24955,24955)|,1,-1
674,|(24956,25091)|,136,-1
675,|(25092,25092)|,1,-1
676,|(25093,25184)|,92,-1
677,|(25185,25185)|,1,-1
678,|(25186,25321)|,136,-1
679,|(25322,25322)|,1,-1
680,|(25323,25323)|,1,-1
681,|(25324,25344)|,21,-1
682,|(25345,25459)|,115,-1
683,|(25460,25460)|,1,-1
684,|(25461,25596)|,136,-1
685,|(25597,25597)|,1,-1
686,|(25598,25706)|,109,-1
687,|(25707,25842)|,136,-1
688,|(25843,25843)|,1,-1
689,|(25844,25979)|,136,-1
690,|(25980,25980)|,1,-1
691,|(25981,26116)|,136,-1
692,|(26117,26117)|,1,-1
693,|(26118,26253)|,136,-1
694,|(26254,26254)|,1,-1
695,|(26255,26390)|,136,-1
696,|(26391,26391)|,1,-1
697,|(26392,26392)|,1,-1
698,|(26393,26393)|,1,-1
699,|(26394,26395)|,2,-1
700,|(26396,26461)|,66,-1
701,|(26462,26462)|,1,-1
702,|(26463,26463)|,1,-1
703,|(26464,26464)|,1,-1
704,|(26465,26600)|,136,-1
705,|(26601,26601)|,1,-1
706,|(26602,26737)|,136,-1
707,|(26738,26738)|,1,-1
708,|(26739,26739)|,1,-1
709,|(26740,26740)|,1,-1
710,|(26741,26741)|,1,-1
711,|(26742,26877)|,136,-1
712,|(26878,27013)|,136,-1
713,|(27014,27014)|,1,-1
714,|(27015,27015)|,1,-1
715,|(27016,27151)|,136,-1
716,|(27152,27152)|,1,-1
717,|(27153,27153)|,1,-1
718,|(27154,27289)|,136,-1
719,|(27290,27290)|,1,-1
720,|(27291,27311)|,21,-1
721,|(27312,27426)|,115,-1
722,|(27427,27427)|,1,-1
723,|(27428,27429)|,2,-1
724,|(27430,27434)|,5,-1
725,|(27435,27438)|,4,-1
726,|(27439,27440)|,2,-1
727,|(27441,27441)|,1,-1
728,|(27442,27442)|,1,-1
729,|(27443,27443)|,1,-1
730,|(27444,27444)|,1,-1
731,|(27445,27580)|,136,-1
732,|(27581,27581)|,1,-1
733,|(27582,27690)|,109,-1
734,|(27691,27826)|,136,-1
735,|(27827,27827)|,1,-1
736,|(27828,27828)|,1,-1
737,|(27829,27964)|,136,-1
738,|(27965,27965)|,1,-1
739,|(27966,28101)|,136,-1
740,|(28102,28102)|,1,-1
741,|(28103,28238)|,136,-1
742,|(28239,28240)|,2,-1
743,|(28241,28241)|,1,-1
744,|(28242,28377)|,136,-1
745,|(28378,28378)|,1,-1
746,|(28379,28379)|,1,-1
747,|(28380,28380)|,1,-1
748,|(28381,28381)|,1,-1
749,|(28382,28383)|,2,-1
750,|(28384,28449)|,66,-1
751,|(28450,28450)|,1,-1
752,|(28451,28451)|,1,-1
753,|(28452,28452)|,1,-1
754,|(28453,28453)|,1,-1
755,|(28454,28454)|,1,-1
756,|(28455,28590)|,136,-1
757,|(28591,28591)|,1,-1
758,|(28592,28649)|,58,-1
759,|(28650,28650)|,1,-1
760,|(28651,28786)|,136,-1
761,|(28787,28787)|,1,-1
762,|(28788,28923)|,136,-1
763,|(28924,28924)|,1,-1
764,|(28925,29060)|,136,-1
765,|(29061,29061)|,1,-1
766,|(29062,29197)|,136,-1
767,|(29198,29198)|,1,-1
768,|(29199,29252)|,54,-1
769,|(29253,29254)|,2,-1
770,|(29255,29255)|,1,-1
771,|(29256,29259)|,4,-1
772,|(29260,29260)|,1,-1
773,|(29261,29261)|,1,-1
774,|(29262,29263)|,2,-1
775,|(29264,29270)|,7,-1
776,|(29271,29274)|,4,-1
777,|(29275,29276)|,2,-1
778,|(29277,29278)|,2,-1
779,|(29279,29286)|,8,-1
780,|(29287,29338)|,52,-1
781,|(29339,29339)|,1,-1
782,|(29340,29367)|,28,-1
783,|(29368,29386)|,19,-1
784,|(29387,29391)|,5,-1
785,|(29392,29402)|,11,-1
786,|(29403,29425)|,23,-1
787,|(29426,29426)|,1,-1
788,|(29427,29427)|,1,-1
789,|(29428,29479)|,52,-1
790,|(29480,29480)|,1,-1
791,|(29481,29616)|,136,-1
792,|(29617,29752)|,136,-1
793,|(29753,29888)|,136,-1
794,|(29889,29889)|,1,-1
795,|(29890,29890)|,1,-1
796,|(29891,30026)|,136,-1
797,|(30027,30027)|,1,-1
798,|(30028,30163)|,136,-1
799,|(30164,30164)|,1,-1
800,|(30165,30165)|,1,-1
801,|(30166,30166)|,1,-1
802,|(30167,30167)|,1,-1
803,|(30168,30168)|,1,-1
804,|(30169,30169)|,1,-1
805,|(30170,30305)|,136,-1
806,|(30306,30306)|,1,-1
807,|(30307,30442)|,136,-1
808,|(30443,30443)|,1,-1
809,|(30444,30501)|,58,-1
810,|(30502,30502)|,1,-1
811,|(30503,30503)|,1,-1
812,|(30504,30639)|,136,-1
813,|(30640,30640)|,1,-1
814,|(30641,30776)|,136,-1
815,|(30777,30777)|,1,-1
816,|(30778,30913)|,136,-1
817,|(30914,30914)|,1,-1
818,|(30915,31050)|,136,-1
819,|(31051,31051)|,1,-1
820,|(31052,31105)|,54,-1
821,|(31106,31107)|,2,-1
822,|(31108,31108)|,1,-1
823,|(31109,31112)|,4,-1
824,|(31113,31113)|,1,-1
825,|(31114,31114)|,1,-1
826,|(31115,31116)|,2,-1
827,|(31117,31123)|,7,-1
828,|(31124,31127)|,4,-1
829,|(31128,31129)|,2,-1
830,|(31130,31131)|,2,-1
831,|(31132,31140)|,9,-1
832,|(31141,31192)|,52,-1
833,|(31193,31193)|,1,-1
834,|(31194,31221)|,28,-1
835,|(31222,31240)|,19,-1
836,|(31241,31245)|,5,-1
837,|(31246,31256)|,11,-1
838,|(31257,31279)|,23,-1
839,|(31280,31280)|,1,-1
840,|(31281,31281)|,1,-1
841,|(31282,31333)|,52,-1
842,|(31334,31334)|,1,-1
843,|(31335,31335)|,1,-1
844,|(31336,31471)|,136,-1
845,|(31472,31607)|,136,-1
846,|(31608,31743)|,136,-1
847,|(31744,31744)|,1,-1
848,|(31745,31746)|,2,-1
849,|(31747,31747)|,1,-1
850,|(31748,31749)|,2,-1
851,|(31750,31750)|,1,-1
852,|(31751,31753)|,3,-1
853,|(31754,31755)|,2,-1
854,|(31756,31756)|,1,-1
855,|(31757,31757)|,1,-1
856,|(31758,31758)|,1,-1
857,|(31759,31759)|,1,-1
858,|(31760,31760)|,1,-1
859,|(31761,31896)|,136,-1
860,|(31897,31897)|,1,-1
861,|(31898,32033)|,136,-1
862,|(32034,32034)|,1,-1
863,|(32035,32036)|,2,-1
864,|(32037,32037)|,1,-1
865,|(32038,32040)|,3,-1
866,|(32041,32042)|,2,-1
867,|(32043,32044)|,2,-1
868,|(32045,32045)|,1,-1
869,|(32046,32046)|,1,-1
870,|(32047,32047)|,1,-1
871,|(32048,32050)|,3,-1
872,|(32051,32052)|,2,-1
873,|(32053,32053)|,1,-1
874,|(32054,32189)|,136,-1
875,|(32190,32190)|,1,-1
876,|(32191,32326)|,136,-1
877,|(32327,32327)|,1,-1
878,|(32328,32328)|,1,-1
879,|(32329,32330)|,2,-1
880,|(32331,32333)|,3,-1
881,|(32334,32334)|,1,-1
882,|(32335,32335)|,1,-1
883,|(32336,32336)|,1,-1
884,|(32337,32338)|,2,-1
885,|(32339,32474)|,136,-1
886,|(32475,32475)|,1,-1
887,|(32476,32477)|,2,-1
888,|(32478,32478)|,1,-1
889,|(32479,32479)|,1,-1
890,|(32480,32480)|,1,-1
891,|(32481,32481)|,1,-1
892,|(32482,32485)|,4,-1
893,|(32486,32487)|,2,-1
894,|(32488,32488)|,1,-1
895,|(32489,32624)|,136,-1
896,|(32625,32625)|,1,-1
897,|(32626,32627)|,2,-1
898,|(32628,32763)|,136,-1
899,|(32764,32765)|,2,-1
900,|(32766,32901)|,136,-1
901,|(32902,32904)|,3,-1
902,|(32905,32948)|,44,-1
903,|(32949,32949)|,1,-1
904,|(32950,33085)|,136,-1
905,|(33086,33086)|,1,-1
906,|(33087,33222)|,136,-1
907,|(33223,33225)|,3,-1
908,|(33226,33228)|,3,-1
909,|(33229,33229)|,1,-1
910,|(33230,33231)|,2,-1
911,|(33232,33232)|,1,-1
912,|(33233,33233)|,1,-1
913,|(33234,33235)|,2,-1
914,|(33236,33371)|,136,-1
915,|(33372,33373)|,2,-1
916,|(33374,33374)|,1,-1
917,|(33375,33376)|,2,-1
918,|(33377,33512)|,136,-1
919,|(33513,33515)|,3,-1
920,|(33516,33516)|,1,-1
921,|(33517,33518)|,2,-1
922,|(33519,33654)|,136,-1
923,|(33655,33656)|,2,-1
924,|(33657,33792)|,136,-1
925,|(33793,33793)|,1,-1
926,|(33794,33929)|,136,-1
927,|(33930,33930)|,1,-1
928,|(33931,34066)|,136,-1
929,|(34067,34067)|,1,-1
930,|(34068,34137)|,70,-1
931,|(34138,34138)|,1,-1
932,|(34139,34139)|,1,-1
933,|(34140,34337)|,198,-1
934,|(34338,34338)|,1,-1
935,|(34339,34536)|,198,-1
936,|(34537,34538)|,2,-1
937,|(34539,34539)|,1,-1
938,|(34540,34540)|,1,-1
939,|(34541,34541)|,1,-1
940,|(34542,34542)|,1,-1
941,|(34543,34543)|,1,-1
942,|(34544,34544)|,1,-1
943,|(34545,34545)|,1,-1
944,|(34546,34546)|,1,-1
945,|(34547,34744)|,198,-1
946,|(34745,34745)|,1,-1
947,|(34746,34925)|,180,-1
948,|(34926,34926)|,1,-1
949,|(34927,34927)|,1,-1
950,|(34928,35125)|,198,-1
951,|(35126,35126)|,1,-1
952,|(35127,35324)|,198,-1
953,|(35325,35325)|,1,-1
954,|(35326,35523)|,198,-1
955,|(35524,35524)|,1,-1
956,|(35525,35722)|,198,-1
957,|(35723,35723)|,1,-1
958,|(35724,35921)|,198,-1
959,|(35922,35922)|,1,-1
960,|(35923,35923)|,1,-1
961,|(35924,35993)|,70,-1
962,|(35994,35994)|,1,-1
963,|(35995,35995)|,1,-1
964,|(35996,36193)|,198,-1
965,|(36194,36194)|,1,-1
966,|(36195,36392)|,198,-1
967,|(36393,36393)|,1,-1
968,|(36394,36591)|,198,-1
969,|(36592,36592)|,1,-1
970,|(36593,36790)|,198,-1
971,|(36791,36791)|,1,-1
972,|(36792,36792)|,1,-1
973,|(36793,36990)|,198,-1
974,|(36991,36991)|,1,-1
975,|(36992,37189)|,198,-1
976,|(37190,37190)|,1,-1
977,|(37191,37388)|,198,-1
978,|(37389,37389)|,1,-1
979,|(37390,37587)|,198,-1
980,|(37588,37588)|,1,-1
981,|(37589,37737)|,149,-1
982,|(37738,37738)|,1,-1
983,|(37739,37739)|,1,-1
984,|(37740,37740)|,1,-1
985,|(37741,37938)|,198,-1
986,|(37939,37939)|,1,-1
987,|(37940,38137)|,198,-1
988,|(38138,38138)|,1,-1
989,|(38139,38140)|,2,-1
990,|(38141,38141)|,1,-1
991,|(38142,38339)|,198,-1
992,|(38340,38340)|,1,-1
993,|(38341,38538)|,198,-1
994,|(38539,38539)|,1,-1
995,|(38540,38540)|,1,-1
996,|(38541,38541)|,1,-1
997,|(38542,38542)|,1,-1
998,|(38543,38543)|,1,-1
999,|(38544,38544)|,1,-1
1000,|(38545,38547)|,3,-1
1001,|(38548,38548)|,1,-1
1002,|(38549,38684)|,136,-1
1003,|(38685,38685)|,1,-1
1004,|(38686,38821)|,136,-1
1005,|(38822,38822)|,1,-1
1006,|(38823,38958)|,136,-1
1007,|(38959,38959)|,1,-1
1008,|(38960,39095)|,136,-1
1009,|(39096,39096)|,1,-1
1010,|(39097,39097)|,1,-1
1011,|(39098,39233)|,136,-1
1012,|(39234,39234)|,1,-1
1013,|(39235,39370)|,136,-1
1014,|(39371,39371)|,1,-1
1015,|(39372,39507)|,136,-1
1016,|(39508,39508)|,1,-1
1017,|(39509,39644)|,136,-1
1018,|(39645,39646)|,2,-1
1019,|(39647,39647)|,1,-1
1020,|(39648,39783)|,136,-1
1021,|(39784,39784)|,1,-1
1022,|(39785,39785)|,1,-1
1023,|(39786,39786)|,1,-1
1024,|(39787,39922)|,136,-1
1025,|(39923,39923)|,1,-1
1026,|(39924,40059)|,136,-1
1027,|(40060,40060)|,1,-1
1028,|(40061,40061)|,1,-1
1029,|(40062,40062)|,1,-1
1030,|(40063,40063)|,1,-1
1031,|(40064,40064)|,1,-1
1032,|(40065,40200)|,136,-1
1033,|(40201,40201)|,1,-1
1034,|(40202,40202)|,1,-1
1035,|(40203,40203)|,1,-1
1036,|(40204,40339)|,136,-1
1037,|(40340,40340)|,1,-1
1038,|(40341,40476)|,136,-1
1039,|(40477,40477)|,1,-1
1040,|(40478,40613)|,136,-1
1041,|(40614,40614)|,1,-1
1042,|(40615,40750)|,136,-1
1043,|(40751,40751)|,1,-1
1044,|(40752,40887)|,136,-1
1045,|(40888,40888)|,1,-1
1046,|(40889,41024)|,136,-1
1047,|(41025,41025)|,1,-1
1048,|(41026,41161)|,136,-1
1049,|(41162,41162)|,1,-1
1050,|(41163,41298)|,136,-1
1051,|(41299,41299)|,1,-1
1052,|(41300,41302)|,3,-1
1053,|(41303,41305)|,3,-1
1054,|(41306,41306)|,1,-1
1055,|(41307,41308)|,2,-1
1056,|(41309,41311)|,3,-1
1057,|(41312,41312)|,1,-1
1058,|(41313,41314)|,2,-1
1059,|(41315,41450)|,136,-1
1060,|(41451,41451)|,1,-1
1061,|(41452,41454)|,3,-1
1062,|(41455,41455)|,1,-1
1063,|(41456,41591)|,136,-1
1064,|(41592,41592)|,1,-1
1065,|(41593,41596)|,4,-1
1066,|(41597,41598)|,2,-1
1067,|(41599,41600)|,2,-1
1068,|(41601,41601)|,1,-1
1069,|(41602,41602)|,1,-1
1070,|(41603,41603)|,1,-1
1071,|(41604,41604)|,1,-1
1072,|(41605,41740)|,136,-1
1073,|(41741,41741)|,1,-1
1074,|(41742,41743)|,2,-1
1075,|(41744,41746)|,3,-1
1076,|(41747,41882)|,136,-1
1077,|(41883,41883)|,1,-1
1078,|(41884,42019)|,136,-1
1079,|(42020,42020)|,1,-1
1080,|(42021,42156)|,136,-1
1081,|(42157,42157)|,1,-1
1082,|(42158,42158)|,1,-1
1083,|(42159,42294)|,136,-1
1084,|(42295,42295)|,1,-1
1085,|(42296,42299)|,4,-1
1086,|(42300,42302)|,3,-1
1087,|(42303,42303)|,1,-1
1088,|(42304,42439)|,136,-1
1089,|(42440,42440)|,1,-1
1090,|(42441,42576)|,136,-1
1091,|(42577,42577)|,1,-1
1092,|(42578,42713)|,136,-1
1093,|(42714,42714)|,1,-1
1094,|(42715,42850)|,136,-1
1095,|(42851,42851)|,1,-1
1096,|(42852,42987)|,136,-1
1097,|(42988,42988)|,1,-1
1098,|(42989,43124)|,136,-1
1099,|(43125,43125)|,1,-1
1100,|(43126,43260)|,135,-1
1101,|(43261,43261)|,1,-1
1102,|(43262,43397)|,136,-1
1103,|(43398,43398)|,1,-1
1104,|(43399,43401)|,3,-1
1105,|(43402,43537)|,136,-1
1106,|(43538,43538)|,1,-1
1107,|(43539,43539)|,1,-1
1108,|(43540,43675)|,136,-1
1109,|(43676,43676)|,1,-1
1110,|(43677,43677)|,1,-1
1111,|(43678,43813)|,136,-1
1112,|(43814,43814)|,1,-1
1113,|(43815,43950)|,136,-1
1114,|(43951,43951)|,1,-1
1115,|(43952,44087)|,136,-1
1116,|(44088,44088)|,1,-1
1117,|(44089,44224)|,136,-1
1118,|(44225,44225)|,1,-1
1119,|(44226,44361)|,136,-1
1120,|(44362,44362)|,1,-1
1121,|(44363,44363)|,1,-1
1122,|(44364,44499)|,136,-1
1123,|(44500,44500)|,1,-1
1124,|(44501,44636)|,136,-1
1125,|(44637,44637)|,1,-1
1126,|(44638,44773)|,136,-1
1127,|(44774,44774)|,1,-1
1128,|(44775,44910)|,136,-1
1129,|(44911,44911)|,1,-1
1130,|(44912,45047)|,136,-1
1131,|(45048,45183)|,136,-1
1132,|(45184,45184)|,1,-1
1133,|(45185,45187)|,3,-1
1134,|(45188,45188)|,1,-1
1135,|(45189,45190)|,2,-1
1136,|(45191,45326)|,136,-1
1137,|(45327,45327)|,1,-1
1138,|(45328,45328)|,1,-1
1139,|(45329,45329)|,1,-1
1140,|(45330,45333)|,4,-1
1141,|(45334,45335)|,2,-1
1142,|(45336,45340)|,5,-1
1143,|(45341,45476)|,136,-1
1144,|(45477,45477)|,1,-1
1145,|(45478,45613)|,136,-1
1146,|(45614,45614)|,1,-1
1147,|(45615,45616)|,2,-1
1148,|(45617,45752)|,136,-1
1149,|(45753,45753)|,1,-1
1150,|(45754,45754)|,1,-1
1151,|(45755,45756)|,2,-1
1152,|(45757,45892)|,136,-1
1153,|(45893,45896)|,4,-1
1154,|(45897,46029)|,133,-1
1155,|(46030,46030)|,1,-1
1156,|(46031,46166)|,136,-1
1157,|(46167,46167)|,1,-1
1158,|(46168,46168)|,1,-1
1159,|(46169,46304)|,136,-1
1160,|(46305,46305)|,1,-1
1161,|(46306,46306)|,1,-1
1162,|(46307,46442)|,136,-1
1163,|(46443,46445)|,3,-1
1164,|(46446,46447)|,2,-1
1165,|(46448,46583)|,136,-1
1166,|(46584,46584)|,1,-1
1167,|(46585,46587)|,3,-1
1168,|(46588,46588)|,1,-1
1169,|(46589,46589)|,1,-1
1170,|(46590,46726)|,137,-1
1171,|(46727,46731)|,5,-1
1172,|(46732,46861)|,130,-1
1173,|(46862,46862)|,1,-1
1174,|(46863,46864)|,2,-1
1175,|(46865,47000)|,136,-1
1176,|(47001,47001)|,1,-1
1177,|(47002,47002)|,1,-1
1178,|(47003,47003)|,1,-1
1179,|(47004,47131)|,128,-1
1180,|(47132,47132)|,1,-1
1181,|(47133,47268)|,136,-1
1182,|(47269,47404)|,136,-1
1183,|(47405,47405)|,1,-1
1184,|(47406,47541)|,136,-1
1185,|(47542,47677)|,136,-1
1186,|(47678,47678)|,1,-1
1187,|(47679,47814)|,136,-1
1188,|(47815,47815)|,1,-1
1189,|(47816,47951)|,136,-1
1190,|(47952,47952)|,1,-1
1191,|(47953,48088)|,136,-1
1192,|(48089,48092)|,4,-1
1193,|(48093,48225)|,133,-1
1194,|(48226,48226)|,1,-1
1195,|(48227,48362)|,136,-1
1196,|(48363,48363)|,1,-1
1197,|(48364,48364)|,1,-1
1198,|(48365,48500)|,136,-1
1199,|(48501,48501)|,1,-1
1200,|(48502,48637)|,136,-1
1201,|(48638,48773)|,136,-1
1202,|(48774,48910)|,137,-1
1203,|(48911,49040)|,130,-1
1204,|(49041,49041)|,1,-1
1205,|(49042,49043)|,2,-1
1206,|(49044,49179)|,136,-1
1207,|(49180,49180)|,1,-1
1208,|(49181,49316)|,136,-1
1209,|(49317,49451)|,135,-1
1210,|(49452,49452)|,1,-1
1211,|(49453,49454)|,2,-1
1212,|(49455,49590)|,136,-1
1213,|(49591,49592)|,2,-1
1214,|(49593,49728)|,136,-1
1215,|(49729,49864)|,136,-1
1216,|(49865,49865)|,1,-1
1217,|(49866,49866)|,1,-1
1218,|(49867,49870)|,4,-1
1219,|(49871,49871)|,1,-1
1220,|(49872,49872)|,1,-1
1221,|(49873,50008)|,136,-1
1222,|(50009,50010)|,2,-1
1223,|(50011,50011)|,1,-1
1224,|(50012,50012)|,1,-1
1225,|(50013,50148)|,136,-1
1226,|(50149,50149)|,1,-1
1227,|(50150,50151)|,2,-1
1228,|(50152,50154)|,3,-1
1229,|(50155,50158)|,4,-1
1230,|(50159,50159)|,1,-1
1231,|(50160,50161)|,2,-1
1232,|(50162,50297)|,136,-1
1233,|(50298,50299)|,2,-1
1234,|(50300,50300)|,1,-1
1235,|(50301,50436)|,136,-1
1236,|(50437,50437)|,1,-1
1237,|(50438,50573)|,136,-1
1238,|(50574,50709)|,136,-1
1239,|(50710,50845)|,136,-1
1240,|(50846,50849)|,4,-1
1241,|(50850,50851)|,2,-1
1242,|(50852,50852)|,1,-1
1243,|(50853,50853)|,1,-1
1244,|(50854,50989)|,136,-1
1245,|(50990,50991)|,2,-1
1246,|(50992,50992)|,1,-1
1247,|(50993,51128)|,136,-1
1248,|(51129,51129)|,1,-1
1249,|(51130,51265)|,136,-1
1250,|(51266,51266)|,1,-1
1251,|(51267,51267)|,1,-1
1252,|(51268,51403)|,136,-1
1253,|(51404,51404)|,1,-1
1254,|(51405,51525)|,121,-1
1255,|(51526,51661)|,136,-1
1256,|(51662,51662)|,1,-1
1257,|(51663,51663)|,1,-1
1258,|(51664,51665)|,2,-1
1259,|(51666,51801)|,136,-1
1260,|(51802,51802)|,1,-1
1261,|(51803,51803)|,1,-1
1262,|(51804,51939)|,136,-1
1263,|(51940,52075)|,136,-1
1264,|(52076,52211)|,136,-1
1265,|(52212,52347)|,136,-1
1266,|(52348,52483)|,136,-1
1267,|(52484,52484)|,1,-1
1268,|(52485,52620)|,136,-1
1269,|(52621,52621)|,1,-1
1270,|(52622,52757)|,136,-1
1271,|(52758,52893)|,136,-1
1272,|(52894,52894)|,1,-1
1273,|(52895,53030)|,136,-1
1274,|(53031,53031)|,1,-1
1275,|(53032,53167)|,136,-1
1276,|(53168,53168)|,1,-1
1277,|(53169,53304)|,136,-1
1278,|(53305,53440)|,136,-1
1279,|(53441,53441)|,1,-1
1280,|(53442,53577)|,136,-1
1281,|(53578,53578)|,1,-1
1282,|(53579,53714)|,136,-1
1283,|(53715,53715)|,1,-1
1284,|(53716,53718)|,3,-1
1285,|(53719,53719)|,1,-1
1286,|(53720,53855)|,136,-1
1287,|(53856,53991)|,136,-1
1288,|(53992,53992)|,1,-1
1289,|(53993,54128)|,136,-1
1290,|(54129,54129)|,1,-1
1291,|(54130,54265)|,136,-1
1292,|(54266,54266)|,1,-1
1293,|(54267,54267)|,1,-1
1294,|(54268,54269)|,2,-1
1295,|(54270,54270)|,1,-1
1296,|(54271,54271)|,1,-1
1297,|(54272,54407)|,136,-1
1298,|(54408,54409)|,2,-1
1299,|(54410,54448)|,39,-1
1300,|(54449,54584)|,136,-1
1301,|(54585,54586)|,2,-1
1302,|(54587,54722)|,136,-1
1303,|(54723,54723)|,1,-1
1304,|(54724,54859)|,136,-1
1305,|(54860,54860)|,1,-1
1306,|(54861,54996)|,136,-1
1307,|(54997,54997)|,1,-1
1308,|(54998,54998)|,1,-1
1309,|(54999,55134)|,136,-1
1310,|(55135,55136)|,2,-1
1311,|(55137,55175)|,39,-1
1312,|(55176,55311)|,136,-1
1313,|(55312,55313)|,2,-1
1314,|(55314,55449)|,136,-1
1315,|(55450,55450)|,1,-1
1316,|(55451,55586)|,136,-1
1317,|(55587,55587)|,1,-1
1318,|(55588,55723)|,136,-1
1319,|(55724,55724)|,1,-1
1320,|(55725,55725)|,1,-1
1321,|(55726,55861)|,136,-1
1322,|(55862,55862)|,1,-1
1323,|(55863,55998)|,136,-1
1324,|(55999,55999)|,1,-1
1325,|(56000,56135)|,136,-1
1326,|(56136,56136)|,1,-1
1327,|(56137,56170)|,34,-1
1328,|(56171,56272)|,102,-1
1329,|(56273,56274)|,2,-1
1330,|(56275,56275)|,1,-1
1331,|(56276,56400)|,125,-1
1332,|(56401,56401)|,1,-1
1333,|(56402,56402)|,1,-1
1334,|(56403,56538)|,136,-1
1335,|(56539,56539)|,1,-1
1336,|(56540,56675)|,136,-1
1337,|(56676,56678)|,3,-1
1338,|(56679,56814)|,136,-1
1339,|(56815,56815)|,1,-1
1340,|(56816,56951)|,136,-1
1341,|(56952,56952)|,1,-1
1342,|(56953,57088)|,136,-1
1343,|(57089,57089)|,1,-1
1344,|(57090,57123)|,34,-1
1345,|(57124,57225)|,102,-1
1346,|(57226,57226)|,1,-1
1347,|(57227,57362)|,136,-1
1348,|(57363,57363)|,1,-1
1349,|(57364,57365)|,2,-1
1350,|(57366,57509)|,144,-1
1351,|(57510,57511)|,2,-1
1352,|(57512,57512)|,1,-1
1353,|(57513,57513)|,1,-1
1354,|(57514,57649)|,136,-1
1355,|(57650,57658)|,9,-1
1356,|(57659,57659)|,1,-1
1357,|(57660,57661)|,2,-1
1358,|(57662,57665)|,4,-1
1359,|(57666,57667)|,2,-1
1360,|(57668,57811)|,144,-1
1361,|(57812,57815)|,4,-1
1362,|(57816,57816)|,1,-1
1363,|(57817,57817)|,1,-1
1364,|(57818,57819)|,2,-1
1365,|(57820,57820)|,1,-1
1366,|(57821,57821)|,1,-1
1367,|(57822,57957)|,136,-1
1368,|(57958,57958)|,1,-1
1369,|(57959,58094)|,136,-1
1370,|(58095,58230)|,136,-1
1371,|(58231,58231)|,1,-1
1372,|(58232,58367)|,136,-1
1373,|(58368,58368)|,1,-1
1374,|(58369,58373)|,5,-1
1375,|(58374,58374)|,1,-1
1376,|(58375,58375)|,1,-1
1377,|(58376,58511)|,136,-1
1378,|(58512,58647)|,136,-1
1379,|(58648,58648)|,1,-1
1380,|(58649,58784)|,136,-1
1381,|(58785,58789)|,5,-1
1382,|(58790,58790)|,1,-1
1383,|(58791,58791)|,1,-1
1384,|(58792,58793)|,2,-1
1385,|(58794,58937)|,144,-1
1386,|(58938,58938)|,1,-1
1387,|(58939,58941)|,3,-1
1388,|(58942,59085)|,144,-1
1389,|(59086,59229)|,144,-1
1390,|(59230,59230)|,1,-1
1391,|(59231,59231)|,1,-1
1392,|(59232,59232)|,1,-1
1393,|(59233,59233)|,1,-1
1394,|(59234,59236)|,3,-1
1395,|(59237,59380)|,144,-1
1396,|(59381,59524)|,144,-1
1397,|(59525,59525)|,1,-1
1398,|(59526,59527)|,2,-1
1399,|(59528,59528)|,1,-1
1400,|(59529,59529)|,1,-1
1401,|(59530,59530)|,1,-1
1402,|(59531,59531)|,1,-1
1403,|(59532,59532)|,1,-1
1404,|(59533,59533)|,1,-1
1405,|(59534,59669)|,136,-1
1406,|(59670,59670)|,1,-1
1407,|(59671,59671)|,1,-1
1408,|(59672,59807)|,136,-1
1409,|(59808,59808)|,1,-1
1410,|(59809,59809)|,1,-1
1411,|(59810,59945)|,136,-1
1412,|(59946,59946)|,1,-1
1413,|(59947,59947)|,1,-1
1414,|(59948,60083)|,136,-1
1415,|(60084,60084)|,1,-1
1416,|(60085,60085)|,1,-1
1417,|(60086,60221)|,136,-1
1418,|(60222,60222)|,1,-1
1419,|(60223,60230)|,8,-1
1420,|(60231,60231)|,1,-1
1421,|(60232,60232)|,1,-1
1422,|(60233,60368)|,136,-1
1423,|(60369,60369)|,1,-1
1424,|(60370,60374)|,5,-1
1425,|(60375,60382)|,8,-1
1426,|(60383,60383)|,1,-1
1427,|(60384,60519)|,136,-1
1428,|(60520,60520)|,1,-1
1429,|(60521,60533)|,13,-1
1430,|(60534,60534)|,1,-1
1431,|(60535,60670)|,136,-1
1432,|(60671,60671)|,1,-1
1433,|(60672,60807)|,136,-1
1434,|(60808,60943)|,136,-1
1435,|(60944,61001)|,58,-1
1436,|(61002,61137)|,136,-1
1437,|(61138,61215)|,78,-1
1438,|(61216,61216)|,1,-1
1439,|(61217,61352)|,136,-1
1440,|(61353,61353)|,1,-1
1441,|(61354,61489)|,136,-1
1442,|(61490,61490)|,1,-1
1443,|(61491,61491)|,1,-1
1444,|(61492,61627)|,136,-1
1445,|(61628,61628)|,1,-1
1446,|(61629,61764)|,136,-1
1447,|(61765,61765)|,1,-1
1448,|(61766,61901)|,136,-1
1449,|(61902,62037)|,136,-1
1450,|(62038,62173)|,136,-1
1451,|(62174,62309)|,136,-1
1452,|(62310,62445)|,136,-1
1453,|(62446,62581)|,136,-1
1454,|(62582,62717)|,136,-1
1455,|(62718,62853)|,136,-1
1456,|(62854,62854)|,1,-1
1457,|(62855,62990)|,136,-1
1458,|(62991,62991)|,1,-1
1459,|(62992,63127)|,136,-1
1460,|(63128,63263)|,136,-1
1461,|(63264,63399)|,136,-1
1462,|(63400,63535)|,136,-1
1463,|(63536,63671)|,136,-1
1464,|(63672,63807)|,136,-1
1465,|(63808,63809)|,2,-1
1466,|(63810,63810)|,1,-1
1467,|(63811,63812)|,2,-1
1468,|(63813,63815)|,3,-1
1469,|(63816,63816)|,1,-1
1470,|(63817,63817)|,1,-1
1471,|(63818,63818)|,1,-1
1472,|(63819,63874)|,56,-1
1473,|(63875,64010)|,136,-1
1474,|(64011,64011)|,1,-1
1475,|(64012,64013)|,2,-1
1476,|(64014,64014)|,1,-1
1477,|(64015,64015)|,1,-1
1478,|(64016,64016)|,1,-1
1479,|(64017,64017)|,1,-1
1480,|(64018,64018)|,1,-1
1481,|(64019,64020)|,2,-1
1482,|(64021,64021)|,1,-1
1483,|(64022,64022)|,1,-1
1484,|(64023,64078)|,56,-1
1485,|(64079,64214)|,136,-1
1486,|(64215,64215)|,1,-1
1487,|(64216,64217)|,2,-1
1488,|(64218,64218)|,1,-1
1489,|(64219,64220)|,2,-1
1490,|(64221,64222)|,2,-1
1491,|(64223,64224)|,2,-1
1492,|(64225,64226)|,2,-1
1493,|(64227,64227)|,1,-1
1494,|(64228,64232)|,5,-1
1495,|(64233,64235)|,3,-1
1496,|(64236,64236)|,1,-1
1497,|(64237,64237)|,1,-1
1498,|(64238,64238)|,1,-1
1499,|(64239,64252)|,14,-1
1500,|(64253,64253)|,1,-1
1501,|(64254,64254)|,1,-1
1502,|(64255,64255)|,1,-1
1503,|(64256,64391)|,136,-1
1504,|(64392,64527)|,136,-1
1505,|(64528,64529)|,2,-1
1506,|(64530,64531)|,2,-1
1507,|(64532,64532)|,1,-1
1508,|(64533,64533)|,1,-1
1509,|(64534,64669)|,136,-1
1510,|(64670,64670)|,1,-1
1511,|(64671,64671)|,1,-1
1512,|(64672,64673)|,2,-1
1513,|(64674,64674)|,1,-1
1514,|(64675,64675)|,1,-1
1515,|(64676,64676)|,1,-1
1516,|(64677,64812)|,136,-1
1517,|(64813,64813)|,1,-1
1518,|(64814,64814)|,1,-1
1519,|(64815,64950)|,136,-1
1520,|(64951,64951)|,1,-1
1521,|(64952,64952)|,1,-1
1522,|(64953,64953)|,1,-1
1523,|(64954,64954)|,1,-1
1524,|(64955,65042)|,88,-1
1525,|(65043,65049)|,7,-1
1526,|(65050,65050)|,1,-1
1527,|(65051,65054)|,4,-1
1528,|(65055,65057)|,3,-1
1529,|(65058,65062)|,5,-1
1530,|(65063,65064)|,2,-1
1531,|(65065,65065)|,1,-1
1532,|(65066,65067)|,2,-1
1533,|(65068,65068)|,1,-1
1534,|(65069,65069)|,1,-1
1535,|(65070,65070)|,1,-1
1536,|(65071,65085)|,15,-1
1537,|(65086,65114)|,29,-1
1538,|(65115,65126)|,12,-1
1539,|(65127,65128)|,2,-1
1540,|(65129,65136)|,8,-1
1541,|(65137,65146)|,10,-1
1542,|(65147,65147)|,1,-1
1543,|(65148,65159)|,12,-1
1544,|(65160,65175)|,16,-1
1545,|(65176,65176)|,1,-1
1546,|(65177,65177)|,1,-1
1547,|(65178,65178)|,1,-1
1548,|(65179,65179)|,1,-1
1549,|(65180,65180)|,1,-1
1550,|(65181,65181)|,1,-1
1551,|(65182,65317)|,136,-1
1552,|(65318,65319)|,2,-1
1553,|(65320,65320)|,1,-1
1554,|(65321,65456)|,136,-1
1555,|(65457,65460)|,4,-1
1556,|(65461,65461)|,1,-1
1557,|(65462,65462)|,1,-1
1558,|(65463,65463)|,1,-1
1559,|(65464,65551)|,88,-1
1560,|(65552,65558)|,7,-1
1561,|(65559,65559)|,1,-1
1562,|(65560,65563)|,4,-1
1563,|(65564,65564)|,1,-1
1564,|(65565,65700)|,136,-1
1565,|(65701,65701)|,1,-1
1566,|(65702,65837)|,136,-1
1567,|(65838,65840)|,3,-1
1568,|(65841,65841)|,1,-1
1569,|(65842,65844)|,3,-1
1570,|(65845,65845)|,1,-1
1571,|(65846,65846)|,1,-1
1572,|(65847,65862)|,16,-1
1573,|(65863,65929)|,67,-1
1574,|(65930,65932)|,3,-1
1575,|(65933,65933)|,1,-1
1576,|(65934,66069)|,136,-1
1577,|(66070,66070)|,1,-1
1578,|(66071,66206)|,136,-1
1579,|(66207,66207)|,1,-1
1580,|(66208,66343)|,136,-1
1581,|(66344,66344)|,1,-1
1582,|(66345,66463)|,119,-1
1583,|(66464,66464)|,1,-1
1584,|(66465,66465)|,1,-1
1585,|(66466,66466)|,1,-1
1586,|(66467,66602)|,136,-1
1587,|(66603,66603)|,1,-1
1588,|(66604,66605)|,2,-1
1589,|(66606,66606)|,1,-1
1590,|(66607,66608)|,2,-1
1591,|(66609,66744)|,136,-1
1592,|(66745,66746)|,2,-1
1593,|(66747,66882)|,136,-1
1594,|(66883,66883)|,1,-1
1595,|(66884,67002)|,119,-1
1596,|(67003,67003)|,1,-1
1597,|(67004,67004)|,1,-1
1598,|(67005,67140)|,136,-1
1599,|(67141,67141)|,1,-1
1600,|(67142,67142)|,1,-1
1601,|(67143,67144)|,2,-1
1602,|(67145,67280)|,136,-1
1603,|(67281,67282)|,2,-1
1604,|(67283,67283)|,1,-1
1605,|(67284,67284)|,1,-1
1606,|(67285,67420)|,136,-1
1607,|(67421,67421)|,1,-1
1608,|(67422,67557)|,136,-1
1609,|(67558,67558)|,1,-1
1610,|(67559,67660)|,102,-1
1611,|(67661,67662)|,2,-1
1612,|(67663,67663)|,1,-1
1613,|(67664,67799)|,136,-1
1614,|(67800,67801)|,2,-1
1615,|(67802,67832)|,31,-1
1616,|(67833,67938)|,106,-1
1617,|(67939,67944)|,6,-1
1618,|(67945,67945)|,1,-1
1619,|(67946,68081)|,136,-1
1620,|(68082,68082)|,1,-1
1621,|(68083,68184)|,102,-1
1622,|(68185,68186)|,2,-1
1623,|(68187,68187)|,1,-1
1624,|(68188,68323)|,136,-1
1625,|(68324,68324)|,1,-1
1626,|(68325,68355)|,31,-1
1627,|(68356,68461)|,106,-1
1628,|(68462,68462)|,1,-1
1629,|(68463,68463)|,1,-1
1630,|(68464,68464)|,1,-1
1631,|(68465,68600)|,136,-1
1632,|(68601,68601)|,1,-1
1633,|(68602,68602)|,1,-1
1634,|(68603,68603)|,1,-1
1635,|(68604,68604)|,1,-1
1636,|(68605,68605)|,1,-1
1637,|(68606,68606)|,1,-1
1638,|(68607,68607)|,1,-1
1639,|(68608,68608)|,1,-1
1640,|(68609,68744)|,136,-1
1641,|(68745,68745)|,1,-1
1642,|(68746,68746)|,1,-1
1643,|(68747,68882)|,136,-1
1644,|(68883,68883)|,1,-1
1645,|(68884,68884)|,1,-1
1646,|(68885,68885)|,1,-1
1647,|(68886,69021)|,136,-1
1648,|(69022,69022)|,1,-1
1649,|(69023,69025)|,3,-1
1650,|(69026,69026)|,1,-1
1651,|(69027,69028)|,2,-1
1652,|(69029,69164)|,136,-1
1653,|(69165,69165)|,1,-1
1654,|(69166,69166)|,1,-1
1655,|(69167,69167)|,1,-1
1656,|(69168,69168)|,1,-1
1657,|(69169,69170)|,2,-1
1658,|(69171,69171)|,1,-1
1659,|(69172,69172)|,1,-1
1660,|(69173,69173)|,1,-1
1661,|(69174,69309)|,136,-1
1662,|(69310,69445)|,136,-1
1663,|(69446,69446)|,1,-1
1664,|(69447,69582)|,136,-1
1665,|(69583,69583)|,1,-1
1666,|(69584,69584)|,1,-1
1667,|(69585,69585)|,1,-1
1668,|(69586,69721)|,136,-1
1669,|(69722,69722)|,1,-1
1670,|(69723,69858)|,136,-1
1671,|(69859,69859)|,1,-1
1672,|(69860,69995)|,136,-1
1673,|(69996,69996)|,1,-1
1674,|(69997,70132)|,136,-1
1675,|(70133,70134)|,2,-1
1676,|(70135,70270)|,136,-1
1677,|(70271,70271)|,1,-1
1678,|(70272,70272)|,1,-1
1679,|(70273,70274)|,2,-1
1680,|(70275,70275)|,1,-1
1681,|(70276,70276)|,1,-1
1682,|(70277,70277)|,1,-1
1683,|(70278,70278)|,1,-1
1684,|(70279,70414)|,136,-1
1685,|(70415,70415)|,1,-1
1686,|(70416,70416)|,1,-1
1687,|(70417,70417)|,1,-1
1688,|(70418,70418)|,1,-1
1689,|(70419,70420)|,2,-1
1690,|(70421,70423)|,3,-1
1691,|(70424,70424)|,1,-1
1692,|(70425,70425)|,1,-1
1693,|(70426,70426)|,1,-1
1694,|(70427,70562)|,136,-1
1695,|(70563,70563)|,1,-1
1696,|(70564,70564)|,1,-1
1697,|(70565,70565)|,1,-1
1698,|(70566,70566)|,1,-1
1699,|(70567,70567)|,1,-1
1700,|(70568,70569)|,2,-1
1701,|(70570,70570)|,1,-1
1702,|(70571,70706)|,136,-1
